<?xml version="1.0" encoding="UTF-8"?>
<project xmlns="http://www.netbeans.org/ns/project/1">
    <type>com.microchip.mplab.nbide.embedded.makeproject</type>
    <configuration>
        <data xmlns="http://www.netbeans.org/ns/make-project/1">
            <name>PIC-USB-IO(HID)</name>
            <creation-uuid>93f2a743-1575-4b98-85c5-81b97527c7d5</creation-uuid>
            <make-project-type>0</make-project-type>
            <c-extensions>c</c-extensions>
            <cpp-extensions/>
            <header-extensions>h</header-extensions>
            <asminc-extensions/>
            <sourceEncoding>UTF-8</sourceEncoding>
            <make-dep-projects/>
        </data>
    </configuration>
</project>
